{
    "examples": {
        "0": 21.834023237228394,
        "1": 9.601277351379395
    },
    "questions": {
        "0": 3494.6289217472076,
        "1": 36.40223217010498,
        "2": 58.012040853500366
    }
}